{
    "unlocked_planets": [
        "Tau Ceti IV",
        "KG-348",
        "Vendas",
        "Arago",
        "Regis"
    ],
    "level": {
        "cam_x": 13.772697511620953,
        "cam_y": 2.0,
        "cam_z": 22.97891458615902,
        "player_y": 2.0,
        "yaw": -264.1500000000002,
        "pitch": 18.600000000000005,
        "planet_name": "KG-348"
    }
}