{
    "unlocked_planets": [
        "Tau Ceti IV",
        "Esteves",
        "Vendas",
        "Arago",
        "Regis"
    ],
    "level": {
        "cam_x": 27.972603064180134,
        "cam_y": 9.999999999999995,
        "cam_z": 31.75595382308215,
        "player_y": 10.0,
        "yaw": -685.9500000000003,
        "pitch": 10.05,
        "planet_name": "Tau Ceti IV"
    }
}